<?xml version='1.0' encoding='utf-8'?>
<root><entry><Country>India</Country><ISO-2-CODE>IN</ISO-2-CODE><ISO-3-Code>IND</ISO-3-Code><ISO-M49>356</ISO-M49></entry><entry><Country>United States</Country><ISO-2-CODE>US</ISO-2-CODE><ISO-3-Code>USA</ISO-3-Code><ISO-M49>840</ISO-M49></entry><entry><Country>United Kingdom</Country><ISO-2-CODE>GB</ISO-2-CODE><ISO-3-Code>GBR</ISO-3-Code><ISO-M49>826</ISO-M49></entry><entry><Country>Japan</Country><ISO-2-CODE>JP</ISO-2-CODE><ISO-3-Code>JPN</ISO-3-Code><ISO-M49>392</ISO-M49></entry><entry><Country>Australia</Country><ISO-2-CODE>AU</ISO-2-CODE><ISO-3-Code>AUS</ISO-3-Code><ISO-M49>36</ISO-M49></entry></root>