FirstName,SecondName,LastName,Gender,BirthDateUTC,TimeZone,BirthDateISO,BirthDateKey,BirthDate,PersonID
Alice,Marie,Smith,Female,1997-01-26 02:00:00+00:00,Europe/Madrid,1997-01-26 03:00:00+01:00,1997-01-26 02:00:00,1997-01-26 03:00:00,73daff7d-57c3-4363-bf29-a94e16c895b5
Bob,John,Brown,Male,1987-07-19 09:00:00+00:00,ROC,1987-07-19 17:00:00+08:00,1987-07-19 09:00:00,1987-07-19 17:00:00,f5df9d1a-ee92-4297-81e3-8743dc47f819
Charlie,Peter,Johnson,Male,1925-09-30 21:00:00+00:00,America/Yakutat,1925-09-30 12:00:00-09:00,1925-09-30 21:00:00,1925-09-30 12:00:00,725d8a1b-42dc-4112-98f4-d7821b178972
Diana,Lucy,Taylor,Female,1999-10-06 11:00:00+00:00,America/Menominee,1999-10-06 06:00:00-05:00,1999-10-06 11:00:00,1999-10-06 06:00:00,4c4fb84f-2592-460e-9c2e-684a6f59c1df
Edward,Mark,Walker,Male,1997-05-03 14:00:00+00:00,America/Asuncion,1997-05-03 10:00:00-04:00,1997-05-03 14:00:00,1997-05-03 10:00:00,e9db541f-9f07-4741-8595-bdf5c2b78c17
